year,sales_per_100k
2020,2828.0653022253036
2021,3031.1259071735817
2022,2521.499797367123
2023,2059.7330638375947
2024,2080.7103321159293
